{
  "global_core_ratio": 0.039349429309368134,
  "layer_mean": [
    0.06408844143152237,
    0.050488974899053574,
    0.0346321277320385,
    0.028520753607153893,
    0.025166666135191917,
    0.02848825789988041,
    0.026334434747695923,
    0.04470144584774971,
    0.03872506693005562,
    0.037088580429553986,
    0.04402242973446846,
    0.03380696848034859,
    0.04425698146224022,
    0.06569749861955643,
    0.04552852734923363,
    0.05150512978434563,
    0.04554814100265503,
    0.04193529859185219,
    0.04887228086590767,
    0.0416722446680069,
    0.048608746379613876,
    0.04274608567357063,
    0.03574654832482338,
    0.02994759939610958,
    0.024380767717957497,
    0.012371774762868881,
    0.026552259922027588,
    0.040349945425987244
  ],
  "head_mean": [
    0.04145992174744606,
    0.03651607781648636,
    0.038286976516246796,
    0.04432099685072899,
    0.03799841180443764,
    0.03738405555486679,
    0.03536408394575119,
    0.03961062431335449,
    0.040825508534908295,
    0.03934317082166672,
    0.041311465203762054,
    0.03977183625102043
  ],
  "num_layers": 28,
  "num_heads": 12,
  "num_tokens": 1024,
  "core_tokens": 67,
  "note": "special tokens excluded; query_scope=all; prompt-only forward"
}